[
  {
    "name": "John Doe",
    "email": "john@example.com",
    "phone": "+91 9876543210",
    "amount": 500,
    "parcelCount": 2,
    "date": "2025-07-21T10:15:30.000Z"
  },
  {
    "name": "Priya Sharma",
    "email": "priya@example.com",
    "phone": "+91 9123456780",
    "amount": 1200,
    "parcelCount": 5,
    "date": "2025-07-21T12:20:10.000Z"
  },
  {
    "name": "Gehsheh",
    "email": "27arma@gmail.com",
    "phone": "254949",
    "amount": 150,
    "parcelCount": 2,
    "date": "2025-07-21T15:19:01.489Z"
  },
  {
    "name": "Tgg",
    "email": "a@gmail.com",
    "phone": "123",
    "parcelCount": 2,
    "totalAmount": 150,
    "date": "2025-07-21T15:54:23.550Z"
  },
  {
    "name": "T",
    "email": "tt@hh.h",
    "phone": "6",
    "parcelCount": 25,
    "totalAmount": 1875,
    "date": "2025-07-21T15:56:25.570Z"
  },
  {
    "name": "Hahsh",
    "email": "2arma@gmail.com",
    "phone": "123",
    "parcelName": "Tyw",
    "parcelCount": 6,
    "totalAmount": 450,
    "date": "2025-07-21T16:18:44.232Z"
  }
]